ID,Pred_prob
T1,0.8303652497892887
T2,0.005609013899493259
T3,0.10640152595385746
T4,0.5475818390175041
T5,0.571643252552138
T6,0.7019476982426602
T7,0.48429073508539033
T8,0.003014068121918133
T9,0.6726422279404509
T10,0.13551701536650276
T11,0.08599343324262113
T12,0.5025632090382209
T13,0.29014474061479556
T14,0.11170279551836822
T15,0.4876559227673818
T16,0.16320915644427852
T17,0.8574447132737244
T18,0.8276342785576973
T19,0.9911731548864076
T20,0.9734955242812184
T21,0.863360441746495
T22,0.40047841612944185
T23,0.11124880696408301
T24,0.7994898627201719
T25,0.7699084331303452
T26,0.07517292420472224
T27,0.8190489693532618
T28,0.9870302720308471
T29,0.9879464780868472
T30,0.8713013793570733
T31,0.7268019671336976
T32,0.17818744454620233
T33,0.21506447118964114
T34,0.7302687604357212
T35,0.28450769306368406
T36,0.7062589701371167
T37,0.9704824578149716
T38,0.9594770921315451
T39,0.5681235037142416
T40,0.7251080093416926
T41,0.7275736081503525
T42,0.7084468646469958
T43,0.955357823061888
T44,0.21516155787857874
T45,0.27153101722087414
T46,0.8215927736483236
T47,0.0061794046127374705
T48,0.7874813079221508
T49,0.8226118639684621
T50,0.7731597672416202
T51,0.49828278389616026
T52,0.46006823008159775
T53,0.8477338137791129
T54,0.6056720608110802
T55,0.7984685536917377
T56,0.8604284872011408
T57,0.44671982425911533
T58,0.3926795731446217
T59,0.9518387919820175
T60,0.6125860522633861
T61,0.5954706834424043
T62,0.25939528251763766
T63,0.24066421239904265
T64,0.44354691812608804
T65,0.6243688446358753
T66,0.5518226145558381
T67,0.6233459048641113
T68,0.5112312530500582
T69,0.5366171037485297
T70,0.5628956278029816
T71,0.8812269963101542
T72,0.8276404646317378
T73,0.3832722681635466
T74,0.4590255919621347
T75,0.50566248614384
T76,0.46852029807504003
T77,0.3468013485386161
T78,0.3314452154446644
T79,0.3831163722585552
T80,0.7423773240692528
T81,0.4037599712886665
T82,0.46401260542394623
T83,0.6468068453527849
T84,0.931540010785777
T85,0.24158599185828766
T86,0.3635010440146976
T87,0.806825718332519
T88,0.90928451761847
T89,0.9217921543389714
T90,0.9434865613199509
T91,0.671426121609653
T92,0.8108329767249979
T93,0.9779741248857258
T94,0.9936357977745873
T95,0.9959642507106636
T96,0.9371280869863181
T97,0.9746469056696471
T98,0.9850281749059911
T99,0.8961373187779657
T100,0.3491730876103902
T101,0.2579152529748726
T102,0.06545686367226308
T103,0.06519190569987657
T104,0.7288473681933667
T105,0.6457898968010097
T106,0.21927995251405835
T107,0.594300796962564
T108,0.24770815717907438
T109,0.4399825008071316
T110,0.41688269426845137
T111,0.055670988236492566
T112,0.21536293026381145
T113,0.3096591990578771
T114,0.6758088061153303
T115,0.8249766779387299
T116,0.7275666258228397
T117,0.5582218281665028
T118,0.36243033554346327
T119,0.9841418621724707
T120,0.7015525183335878
T121,0.9888835251573509
T122,0.9277349369807857
T123,0.9973089972309348
T124,0.24686262222852734
T125,0.6427452714955992
T126,0.5791959268901448
T127,0.8767023515146496
T128,0.9410564453365792
T129,0.9922392783942836
T130,0.9579036126364036
T131,0.9589344603875303
T132,0.0036549439217698223
T133,0.7652963725691141
T134,0.3577879727148274
T135,0.007486953894210625
T136,0.004174637495743992
T137,0.6896103792676801
T138,0.10165231403765922
T139,0.03918814908565506
T140,0.7859458262482277
T141,0.31157924873449827
T142,0.32780142776910176
T143,0.28400874958075784
T144,0.688544306477817
T145,0.39789439942845084
T146,0.3897734950529289
T147,0.4757679831082496
T148,0.7136018726655425
T149,0.6501730635514941
T150,0.2387245985075233
T151,0.3990192768470925
T152,0.3642982617614778
T153,0.39931373224511135
T154,0.1374868425575456
T155,0.2425335003748647
T156,0.04344976841231119
T157,0.5300460152332398
T158,0.5252084236752929
T159,0.16119214748687632
T160,0.32201399588771207
T161,0.3025215404976044
T162,0.4445500550124251
T163,0.44757670629400126
T164,0.519956531620063
T165,0.6654649347243657
T166,0.09969023412353657
T167,0.60962086387242
T168,0.9560512513206337
T169,0.962043022599984
T170,0.36714137999057533
T171,0.24062566260764068
T172,0.47289366282096834
T173,0.46638662057645935
T174,0.8846024321418952
T175,0.4968294151260296
T176,0.47227027060781834
T177,0.30058218476026655
T178,0.7005064170686373
T179,0.772862696095945
T180,0.7031350094651402
T181,0.20669690828608545
T182,0.21062238150863255
T183,0.12646569774985963
T184,0.19216622164938713
T185,0.10325125721466274
T186,0.041145961338288926
T187,0.3892253715800436
T188,0.348210556826329
T189,0.6420757443252407
T190,0.7692909070040495
T191,0.9917588344516652
T192,0.9759175242817616
T193,0.5044589440947223
T194,0.8387674196555736
T195,0.600336873913539
T196,0.6758204593439474
T197,0.9133413269869447
T198,0.46534532740822465
T199,0.3522382766022577
T200,0.08012473450852604
T201,0.2014609095006093
T202,0.010862892284194865
T203,0.1854609734817707
T204,0.009876988726314245
T205,0.23483742937332325
T206,0.4503515068094902
T207,0.1185486602311461
T208,0.1501604877443911
T209,0.16158515351115668
T210,0.20684526396004244
T211,0.16307707070498217
T212,0.8099837117365183
T213,0.7659383149314948
T214,0.02943932300795879
T215,0.017019085886260783
T216,0.28285262025491986
T217,0.5123682541018134
T218,0.5141373980157636
T219,0.031996359348535716
T220,0.8732652543395556
T221,0.9227455438179633
